"		지점번호",지점명,일시,일조합(hr),일조율(%),일사합(MJ/m2)
"		152",울산,Jan-70,218,70.16,
"		152",울산,Feb-70,174.2,57.3,
"		152",울산,Mar-70,241.3,65.22,
"		152",울산,Apr-70,194.8,49.76,
"		152",울산,May-70,190.2,43.83,
"		152",울산,Jun-70,158.5,36.5,
"		152",울산,Jul-70,169.1,38.28,
"		152",울산,Aug-70,139.7,33.55,
"		152",울산,Sep-70,111.1,29.94,
"		152",울산,Oct-70,183.2,52.54,
"		152",울산,Nov-70,209.8,68.12,
"		152",울산,Dec-70,195.1,64.58,
"		152",울산,Jan-71,203.7,65.56,
"		152",울산,Feb-71,160.7,52.86,
"		152",울산,Mar-71,201.4,54.43,
"		152",울산,Apr-71,243.7,62.25,
"		152",울산,May-71,247.5,57.04,
"		152",울산,Jun-71,135.7,31.25,
"		152",울산,Jul-71,192,43.46,
"		152",울산,Aug-71,179.5,43.11,
"		152",울산,Sep-71,150.6,40.58,
"		152",울산,Oct-71,206.9,59.33,
"		152",울산,Nov-71,212,68.83,
"		152",울산,Dec-71,206.1,68.22,
"		152",울산,Jan-72,137.6,44.29,
"		152",울산,Feb-72,131.7,41.77,
"		152",울산,Mar-72,165.3,44.68,
"		152",울산,Apr-72,171.7,43.83,
"		152",울산,May-72,203.1,46.81,
"		152",울산,Jun-72,187.2,43.11,
"		152",울산,Jul-72,184.3,41.72,
"		152",울산,Aug-72,201.3,48.33,
"		152",울산,Sep-72,177,47.7,
"		152",울산,Oct-72,202.7,58.13,
"		152",울산,Nov-72,162.1,52.63,
"		152",울산,Dec-72,188.8,62.5,
"		152",울산,Jan-73,136.4,43.9,
"		152",울산,Feb-73,161.5,53.13,0
"		152",울산,Mar-73,218.4,59.03,
"		152",울산,Apr-73,202.3,51.67,
"		152",울산,May-73,220.6,50.84,
"		152",울산,Jun-73,172.9,39.82,
"		152",울산,Jul-73,257.6,58.31,
"		152",울산,Aug-73,239.6,57.54,
"		152",울산,Sep-73,181.9,49.02,
"		152",울산,Oct-73,169.7,48.58,
"		152",울산,Nov-73,222,72.08,
"		152",울산,Dec-73,250.3,82.85,
"		152",울산,Jan-74,209.2,67.33,
"		152",울산,Feb-74,149.8,49.28,
"		152",울산,Mar-74,180.7,48.84,
"		152",울산,Apr-74,234.1,59.77,
"		152",울산,May-74,231,53.24,
"		152",울산,Jun-74,190.3,43.83,
"		152",울산,Jul-74,46.9,10.62,
"		152",울산,Aug-74,234,56.2,
"		152",울산,Sep-74,199.9,53.87,
"		152",울산,Oct-74,168.5,48.32,
"		152",울산,Nov-74,180,58.44,
"		152",울산,Dec-74,148,48.99,
"		152",울산,Jan-75,189.1,60.86,
"		152",울산,Feb-75,166.2,54.67,
"		152",울산,Mar-75,186.9,50.51,
"		152",울산,Apr-75,178.4,45.55,
"		152",울산,May-75,212.2,48.91,
"		152",울산,Jun-75,160.6,36.99,
"		152",울산,Jul-75,193,43.68,
"		152",울산,Aug-75,240.3,57.7,
"		152",울산,Sep-75,127.2,34.27,
"		152",울산,Oct-75,124.1,35.59,
"		152",울산,Nov-75,143.9,46.72,
"		152",울산,Dec-75,217.8,72.1,9.84
"		152",울산,Jan-76,243.7,78.44,
"		152",울산,Feb-76,143.4,45.48,
"		152",울산,Mar-76,199.8,54,
"		152",울산,Apr-76,194.4,49.63,
"		152",울산,May-76,213.9,49.3,
"		152",울산,Jun-76,171.6,39.52,
"		152",울산,Jul-76,157.9,35.74,
"		152",울산,Aug-76,164.6,39.52,
"		152",울산,Sep-76,186.2,50.18,
"		152",울산,Oct-76,207.9,59.62,
"		152",울산,Nov-76,183.7,59.64,
"		152",울산,Dec-76,189.1,62.6,
"		152",울산,Jan-77,198.5,63.89,
"		152",울산,Feb-77,216,71.05,
"		152",울산,Mar-77,173.7,46.95,
"		152",울산,Apr-77,200.5,51.21,
"		152",울산,May-77,231.1,53.26,
"		152",울산,Jun-77,178.7,41.16,
"		152",울산,Jul-77,209.4,47.4,
"		152",울산,Aug-77,176.1,42.29,
"		152",울산,Sep-77,165.4,44.57,
"		152",울산,Oct-77,240.4,68.94,
"		152",울산,Nov-77,184.2,59.81,
"		152",울산,Dec-77,173,57.27,
"		152",울산,Jan-78,208.8,67.2,
"		152",울산,Feb-78,207.9,68.39,
"		152",울산,Mar-78,245.7,66.41,
"		152",울산,Apr-78,249.7,63.75,
"		152",울산,May-78,249.4,57.48,
"		152",울산,Jun-78,149.7,34.48,
"		152",울산,Jul-78,237.6,53.79,
"		152",울산,Aug-78,200.2,48.08,
"		152",울산,Sep-78,164.1,44.21,
"		152",울산,Oct-78,187.5,53.77,
"		152",울산,Nov-78,162.9,52.89,
"		152",울산,Dec-78,220.5,72.99,
"		152",울산,Jan-79,177.4,57.1,
"		152",울산,Feb-79,190.6,62.7,
"		152",울산,Mar-79,202.6,54.76,
"		152",울산,Apr-79,201.5,51.44,
"		152",울산,May-79,257.3,59.3,
"		152",울산,Jun-79,160.1,36.87,
"		152",울산,Jul-79,142.4,32.23,
"		152",울산,Aug-79,180.4,43.33,
"		152",울산,Sep-79,152.4,41.08,
"		152",울산,Oct-79,254.1,72.87,
"		152",울산,Nov-79,175.5,56.96,
"		152",울산,Dec-79,199.9,66.17,
"		152",울산,Jan-80,179.3,57.71,
"		152",울산,Feb-80,211.4,67.09,
"		152",울산,Mar-80,154,41.62,
"		152",울산,Apr-80,194.8,49.72,
"		152",울산,May-80,253.5,58.42,
"		152",울산,Jun-80,187.5,43.18,
"		152",울산,Jul-80,91.8,20.78,
"		152",울산,Aug-80,65.7,15.78,
"		152",울산,Sep-80,162.1,43.68,
"		152",울산,Oct-80,175.7,50.39,
"		152",울산,Nov-80,211.8,68.77,
"		152",울산,Dec-80,230.2,76.2,
"		152",울산,Jan-81,230.8,74.28,
"		152",울산,Feb-81,173.1,56.94,
"		152",울산,Mar-81,231.7,62.62,
"		152",울산,Apr-81,215.4,54.99,
"		152",울산,May-81,233.4,53.79,
"		152",울산,Jun-81,144.3,33.23,
"		152",울산,Jul-81,169.4,38.34,
"		152",울산,Aug-81,170.1,40.85,
"		152",울산,Sep-81,195.1,52.57,
"		152",울산,Oct-81,196,56.21,
"		152",울산,Nov-81,178.6,57.99,
"		152",울산,Dec-81,223.6,74.02,
"		152",울산,Jan-82,202.9,65.3,
"		152",울산,Feb-82,166.4,54.74,
"		152",울산,Mar-82,181.4,49.03,
"		152",울산,Apr-82,204.6,52.23,
"		152",울산,May-82,233,53.7,
"		152",울산,Jun-82,244.3,56.26,
"		152",울산,Jul-82,149.2,33.77,
"		152",울산,Aug-82,160.2,38.47,
"		152",울산,Sep-82,186.3,50.2,
"		152",울산,Oct-82,220.9,63.35,
"		152",울산,Nov-82,141.9,46.07,
"		152",울산,Dec-82,207.8,68.79,
"		152",울산,Jan-83,194,62.28,
"		152",울산,Feb-83,207.9,68.25,
"		152",울산,Mar-83,193,52.12,
"		152",울산,Apr-83,173.5,44.25,
"		152",울산,May-83,223.4,51.38,
"		152",울산,Jun-83,192.4,44.17,
"		152",울산,Jul-83,181,40.82,
"		152",울산,Aug-83,191.4,45.76,
"		152",울산,Sep-83,139.1,37.29,
"		152",울산,Oct-83,185.5,52.88,
"		152",울산,Nov-83,210.3,67.86,
"		152",울산,Dec-83,235.6,77.42,
"		152",울산,Jan-84,228.9,73.48,
"		152",울산,Feb-84,202.8,64.26,
"		152",울산,Mar-84,221.4,59.64,
"		152",울산,Apr-84,171.6,43.68,
"		152",울산,May-84,266.5,61.21,
"		152",울산,Jun-84,173.2,39.74,
"		152",울산,Jul-84,182.6,41.22,
"		152",울산,Aug-84,207.2,49.64,
"		152",울산,Sep-84,132.1,35.5,
"		152",울산,Oct-84,241.2,68.93,
"		152",울산,Nov-84,172.6,55.82,
"		152",울산,Dec-84,176,57.86,
"		152",울산,Jan-85,237.5,76.17,
"		152",울산,Feb-85,152.8,50.11,
"		152",울산,Mar-85,170.6,45.98,
"		152",울산,Apr-85,219.4,55.86,
"		152",울산,May-85,200.7,46.13,
"		152",울산,Jun-85,161.3,37.01,
"		152",울산,Jul-85,224.7,50.7,
"		152",울산,Aug-85,180.4,43.17,
"		152",울산,Sep-85,142.8,38.36,
"		152",울산,Oct-85,160.4,45.82,
"		152",울산,Nov-85,172.5,55.74,
"		152",울산,Dec-85,204.1,67.12,
"		152",울산,Jan-86,227.2,72.91,
"		152",울산,Feb-86,208.9,68.54,
"		152",울산,Mar-86,215,58.01,
"		152",울산,Apr-86,215,54.81,
"		152",울산,May-86,229.6,52.79,
"		152",울산,Jun-86,155.5,35.68,
"		152",울산,Jul-86,140.1,31.6,
"		152",울산,Aug-86,216.2,51.7,
"		152",울산,Sep-86,165.5,44.42,
"		152",울산,Oct-86,185.2,52.87,
"		152",울산,Nov-86,203.6,65.76,
"		152",울산,Dec-86,189.9,62.43,
"		152",울산,Jan-87,209.3,67.19,
"		152",울산,Feb-87,177.4,58.22,
"		152",울산,Mar-87,173.6,46.88,
"		152",울산,Apr-87,213.3,54.4,
"		152",울산,May-87,234.1,53.84,
"		152",울산,Jun-87,234.7,53.88,
"		152",울산,Jul-87,130.6,29.45,
"		152",울산,Aug-87,98.3,23.5,
"		152",울산,Sep-87,165.5,44.38,
"		152",울산,Oct-87,171.6,48.92,
"		152",울산,Nov-87,174.9,56.44,
"		152",울산,Dec-87,230.7,75.84,
"		152",울산,Jan-88,202.6,65.06,
"		152",울산,Feb-88,159.9,50.67,
"		152",울산,Mar-88,190.4,51.28,
"		152",울산,Apr-88,244,62.07,
"		152",울산,May-88,226.2,51.95,
"		152",울산,Jun-88,176.8,40.58,
"		152",울산,Jul-88,105,23.7,
"		152",울산,Aug-88,183.7,44.01,
"		152",울산,Sep-88,132.3,35.55,
"		152",울산,Oct-88,218.9,62.56,
"		152",울산,Nov-88,229.1,74.09,
"		152",울산,Dec-88,193.4,63.58,
"		152",울산,Jan-89,124.2,39.82,
"		152",울산,Feb-89,118.7,38.92,
"		152",울산,Mar-89,167.2,45.07,
"		152",울산,Apr-89,234.2,59.62,
"		152",울산,May-89,210.4,48.35,
"		152",울산,Jun-89,159.8,36.67,
"		152",울산,Jul-89,124.8,28.17,
"		152",울산,Aug-89,158.7,37.98,
"		152",울산,Sep-89,90.6,24.34,
"		152",울산,Oct-89,206.2,58.9,
"		152",울산,Nov-89,150.9,48.76,
"		152",울산,Dec-89,177.7,58.42,
"		152",울산,Jan-90,177.4,56.93,
"		152",울산,Feb-90,74.2,24.34,
"		152",울산,Mar-90,168.6,45.49,
"		152",울산,Apr-90,173.2,44.14,
"		152",울산,May-90,185.7,42.69,
"		152",울산,Jun-90,162.1,37.2,
"		152",울산,Jul-90,177,39.93,
"		152",울산,Aug-90,209.4,50.07,
"		152",울산,Sep-90,104.1,27.95,
"		152",울산,Oct-90,189.8,54.18,
"		152",울산,Nov-90,167.7,54.18,
"		152",울산,Dec-90,199.6,65.61,
"		152",울산,Jan-91,181.9,58.39,
"		152",울산,Feb-91,167.4,54.92,
"		152",울산,Mar-91,158.2,42.72,
"		152",울산,Apr-91,216.5,55.22,
"		152",울산,May-91,219.1,50.39,
"		152",울산,Jun-91,177.9,40.84,
"		152",울산,Jul-91,110.7,24.97,
"		152",울산,Aug-91,148.8,35.57,
"		152",울산,Sep-91,153.2,41.09,
"		152",울산,Oct-91,216.7,61.79,
"		152",울산,Nov-91,202.6,65.42,
"		152",울산,Dec-91,130.2,42.79,
"		152",울산,Jan-92,160.2,51.43,
"		152",울산,Feb-92,194.7,61.67,
"		152",울산,Mar-92,112.1,30.18,
"		152",울산,Apr-92,189.2,48.13,
"		152",울산,May-92,218.5,50.17,
"		152",울산,Jun-92,187.1,42.94,
"		152",울산,Jul-92,226.5,51.13,
"		152",울산,Aug-92,110.6,26.5,
"		152",울산,Sep-92,132.4,35.61,
"		152",울산,Oct-92,182.7,52.23,
"		152",울산,Nov-92,173.8,56.21,
"		152",울산,Dec-92,143.6,47.21,
"		152",울산,Jan-93,139.8,44.82,
"		152",울산,Feb-93,167.2,54.8,
"		152",울산,Mar-93,176.6,47.59,
"		152",울산,Apr-93,236.6,60.22,
"		152",울산,May-93,204.8,47.06,
"		152",울산,Jun-93,108.1,24.81,
"		152",울산,Jul-93,77.4,17.47,
"		152",울산,Aug-93,78.5,18.79,
"		152",울산,Sep-93,174.2,46.8,
"		152",울산,Oct-93,199.9,57.1,
"		152",울산,Nov-93,122,39.42,
"		152",울산,Dec-93,193.8,63.71,
"		152",울산,Jan-94,175.4,56.25,
"		152",울산,Feb-94,187.9,61.61,
"		152",울산,Mar-94,197.7,53.35,
"		152",울산,Apr-94,203.4,51.83,
"		152",울산,May-94,217.6,50.02,
"		152",울산,Jun-94,201,46.12,
"		152",울산,Jul-94,269.6,60.82,
"		152",울산,Aug-94,238.4,57.02,
"		152",울산,Sep-94,215.1,57.74,
"		152",울산,Oct-94,190.9,54.51,
"		152",울산,Nov-94,175.2,56.61,
"		152",울산,Dec-94,165.4,54.34,
"		152",울산,Jan-95,202.1,64.88,
"		152",울산,Feb-95,161.6,53.02,
"		152",울산,Mar-95,155.4,41.95,
"		152",울산,Apr-95,203,51.76,
"		152",울산,May-95,220.4,50.69,
"		152",울산,Jun-95,140.3,32.21,
"		152",울산,Jul-95,152.9,34.49,
"		152",울산,Aug-95,226.8,54.22,
"		152",울산,Sep-95,140.1,37.58,
"		152",울산,Oct-95,177.8,50.71,
"		152",울산,Nov-95,232.5,75.07,
"		152",울산,Dec-95,200.4,65.83,
"		152",울산,Jan-96,166.5,53.47,
"		152",울산,Feb-96,188.1,59.58,
"		152",울산,Mar-96,177.8,47.87,
"		152",울산,Apr-96,243.7,61.99,
"		152",울산,May-96,226.3,51.96,
"		152",울산,Jun-96,122.2,28.05,
"		152",울산,Jul-96,181.3,40.93,
"		152",울산,Aug-96,178.6,42.8,
"		152",울산,Sep-96,202.1,54.34,
"		152",울산,Oct-96,190.8,54.55,
"		152",울산,Nov-96,140.2,45.34,
"		152",울산,Dec-96,203.6,66.93,
"		152",울산,Jan-97,193.2,61.94,
"		152",울산,Feb-97,201.6,66.08,
"		152",울산,Mar-97,181,48.79,
"		152",울산,Apr-97,218.3,55.56,
"		152",울산,May-97,186.5,42.85,
"		152",울산,Jun-97,209,47.97,
"		152",울산,Jul-97,160.5,36.23,
"		152",울산,Aug-97,150.1,35.93,
"		152",울산,Sep-97,164.5,44.2,
"		152",울산,Oct-97,234.7,67.06,
"		152",울산,Nov-97,149.9,48.43,
"		152",울산,Dec-97,135.5,44.53,
"		152",울산,Jan-98,150.1,48.14,
"		152",울산,Feb-98,122.4,40.14,
"		152",울산,Mar-98,208.9,56.37,
"		152",울산,Apr-98,143.7,36.6,
"		152",울산,May-98,162.3,37.31,
"		152",울산,Jun-98,75.3,17.28,
"		152",울산,Jul-98,81.2,18.32,
"		152",울산,Aug-98,105,25.11,
"		152",울산,Sep-98,156.8,42.09,
"		152",울산,Oct-98,161.9,46.23,
"		152",울산,Nov-98,172.6,55.77,
"		152",울산,Dec-98,201,66.03,
"		152",울산,Jan-99,210.2,67.48,
"		152",울산,Feb-99,211.2,69.29,
"		152",울산,Mar-99,140.2,37.84,
"		152",울산,Apr-99,216.9,55.3,
"		152",울산,May-99,285.8,65.73,
"		152",울산,Jun-99,164.8,37.83,
"		152",울산,Jul-99,101.9,22.99,
"		152",울산,Aug-99,116.8,27.92,
"		152",울산,Sep-99,144.5,38.77,
"		152",울산,Oct-99,152.3,43.44,
"		152",울산,Nov-99,179.6,57.99,
"		152",울산,Dec-99,202.1,66.39,
"		152",울산,Jan-00,177.9,57.11,
"		152",울산,Feb-00,234.6,74.38,
"		152",울산,Mar-00,208.9,56.37,
"		152",울산,Apr-00,179.9,45.87,
"		152",울산,May-00,200.9,46.24,
"		152",울산,Jun-00,154.7,35.61,
"		152",울산,Jul-00,176.5,39.87,
"		152",울산,Aug-00,174.9,41.85,
"		152",울산,Sep-00,140.4,37.58,
"		152",울산,Oct-00,159.6,45.51,
"		152",울산,Nov-00,180.4,58.16,
"		152",울산,Dec-00,212.3,69.68,
"		152",울산,Jan-01,171,54.79,
"		152",울산,Feb-01,173.9,57.05,
"		152",울산,Mar-01,215.7,58.25,
"		152",울산,Apr-01,247.8,63.21,
"		152",울산,May-01,207.8,47.86,
"		152",울산,Jun-01,163.1,37.55,
"		152",울산,Jul-01,225.5,50.93,
"		152",울산,Aug-01,183.6,43.91,
"		152",울산,Sep-01,157.4,42.1,
"		152",울산,Oct-01,157.8,44.98,
"		152",울산,Nov-01,213.8,68.9,
"		152",울산,Dec-01,202.7,66.5,
"		152",울산,Jan-02,184.1,59.01,
"		152",울산,Feb-02,205.2,67.26,
"		152",울산,Mar-02,210.3,56.7,
"		152",울산,Apr-02,196.3,49.97,
"		152",울산,May-02,186.7,42.89,
"		152",울산,Jun-02,229.5,52.64,
"		152",울산,Jul-02,141.4,31.89,
"		152",울산,Aug-02,130.4,31.18,
"		152",울산,Sep-02,167.9,45.07,
"		152",울산,Oct-02,210.7,60.15,
"		152",울산,Nov-02,224,72.33,
"		152",울산,Dec-02,165.9,54.45,
"		152",울산,Jan-03,214.1,68.67,
"		152",울산,Feb-03,156.1,51.16,
"		152",울산,Mar-03,171.8,46.34,
"		152",울산,Apr-03,169.2,43.11,
"		152",울산,May-03,183.7,42.22,
"		152",울산,Jun-03,148.1,33.97,
"		152",울산,Jul-03,55.9,12.6,
"		152",울산,Aug-03,139.7,33.39,
"		152",울산,Sep-03,145.5,39.03,
"		152",울산,Oct-03,234,66.69,
"		152",울산,Nov-03,131.3,42.31,
"		152",울산,Dec-03,216.1,70.92,
"		152",울산,Jan-04,212.6,68.21,
"		152",울산,Feb-04,234.1,74.04,
"		152",울산,Mar-04,234.6,63.15,
"		152",울산,Apr-04,240.3,61.11,
"		152",울산,May-04,161.1,36.97,
"		152",울산,Jun-04,205.8,47.2,
"		152",울산,Jul-04,210.2,47.44,
"		152",울산,Aug-04,149.3,35.76,
"		152",울산,Sep-04,116,31.18,
"		152",울산,Oct-04,187.7,53.63,
"		152",울산,Nov-04,215.6,69.66,
"		152",울산,Dec-04,194.3,63.81,
"		152",울산,Jan-05,202.5,64.84,
"		152",울산,Feb-05,162.8,53.32,
"		152",울산,Mar-05,231.1,62.24,
"		152",울산,Apr-05,213.3,54.26,
"		152",울산,May-05,240.3,55.17,
"		152",울산,Jun-05,210.8,48.35,
"		152",울산,Jul-05,151.5,34.18,
"		152",울산,Aug-05,178.1,42.6,
"		152",울산,Sep-05,107.7,28.94,
"		152",울산,Oct-05,166.2,47.47,
"		152",울산,Nov-05,228.3,73.76,
"		152",울산,Dec-05,233.3,76.59,
"		152",울산,Jan-06,163.8,52.48,
"		152",울산,Feb-06,180.5,59.16,
"		152",울산,Mar-06,225.7,60.84,
"		152",울산,Apr-06,173.1,44.06,
"		152",울산,May-06,174.4,40.06,
"		152",울산,Jun-06,194.3,44.56,
"		152",울산,Jul-06,87.9,19.82,
"		152",울산,Aug-06,226,54.05,
"		152",울산,Sep-06,156.5,42.01,
"		152",울산,Oct-06,212.3,60.61,
"		152",울산,Nov-06,143,46.17,
"		152",울산,Dec-06,189,62.03,
"		152",울산,Jan-07,181.5,58.21,
"		152",울산,Feb-07,180,59,
"		152",울산,Mar-07,187.3,50.51,
"		152",울산,Apr-07,212.5,54.14,
"		152",울산,May-07,235.9,54.2,
"		152",울산,Jun-07,154,35.32,
"		152",울산,Jul-07,115.7,26.08,
"		152",울산,Aug-07,172.4,41.2,
"		152",울산,Sep-07,96.5,25.89,
"		152",울산,Oct-07,158.6,45.22,
"		152",울산,Nov-07,208.5,67.24,
"		152",울산,Dec-07,180.2,59.14,
"		152",울산,Jan-08,168.4,54.03,
"		152",울산,Feb-08,235.5,74.48,
"		152",울산,Mar-08,199.8,53.78,
"		152",울산,Apr-08,223.9,56.93,
"		152",울산,May-08,221.2,50.76,
"		152",울산,Jun-08,125.9,28.88,
"		152",울산,Jul-08,183,41.3,
"		152",울산,Aug-08,189.8,45.46,
"		152",울산,Sep-08,151.4,40.72,
"		152",울산,Oct-08,214.1,61.19,
"		152",울산,Nov-08,179.6,58.03,
"		152",울산,Dec-08,215.3,70.73,
"		152",울산,Jan-09,204.6,65.51,
"		152",울산,Feb-09,142.2,46.58,
"		152",울산,Mar-09,195.2,52.56,
"		152",울산,Apr-09,250.4,63.7,
"		152",울산,May-09,255.2,58.59,
"		152",울산,Jun-09,190.2,43.62,
"		152",울산,Jul-09,91.5,20.65,
"		152",울산,Aug-09,147.2,35.22,
"		152",울산,Sep-09,151.4,40.69,
"		152",울산,Oct-09,245.8,70.23,
"		152",울산,Nov-09,156.8,50.66,
"		152",울산,Dec-09,210.4,69.07,
"		152",울산,Jan-10,225.7,72.29,
"		152",울산,Feb-10,142.6,46.74,
"		152",울산,Mar-10,123.4,33.26,
"		152",울산,Apr-10,172.3,43.83,
"		152",울산,May-10,211.2,48.51,
"		152",울산,Jun-10,214,49.08,
"		152",울산,Jul-10,159.3,35.93,
"		152",울산,Aug-10,197.7,47.29,
"		152",울산,Sep-10,172.3,46.26,
"		152",울산,Oct-10,179.7,51.3,
"		152",울산,Nov-10,229.6,74.14,
"		152",울산,Dec-10,203.7,66.85,
"		152",울산,Jan-11,237.7,76.21,
"		152",울산,Feb-11,152.7,50.05,
"		152",울산,Mar-11,272.6,73.5,
"		152",울산,Apr-11,223.4,56.92,
"		152",울산,May-11,180.3,41.43,
"		152",울산,Jun-11,163.4,37.48,
"		152",울산,Jul-11,160.5,36.2,
"		152",울산,Aug-11,127.2,30.4,
"		152",울산,Sep-11,172,46.16,
"		152",울산,Oct-11,196.4,56,
"		152",울산,Nov-11,128.2,41.34,
"		152",울산,Dec-11,210.6,69.12,
"		152",울산,Jan-12,195.3,62.64,
"		152",울산,Feb-12,173.3,54.81,
"		152",울산,Mar-12,179,48.18,
"		152",울산,Apr-12,233.1,59.27,
"		152",울산,May-12,225.4,51.72,
"		152",울산,Jun-12,135.9,31.17,
"		152",울산,Jul-12,175.5,39.61,
"		152",울산,Aug-12,173.4,41.53,
"		152",울산,Sep-12,186.6,50.19,
"		152",울산,Oct-12,240.3,68.68,
"		152",울산,Nov-12,197.4,63.78,
"		152",울산,Dec-12,173.7,57.04,
"		152",울산,Jan-13,207.8,66.54,
"		152",울산,Feb-13,182.5,59.78,
"		152",울산,Mar-13,236.1,63.57,
"		152",울산,Apr-13,215.5,54.82,
"		152",울산,May-13,192.8,44.25,
"		152",울산,Jun-13,116.2,26.66,
"		152",울산,Jul-13,153.7,34.68,
"		152",울산,Aug-13,232.7,55.72,
"		152",울산,Sep-13,200.5,53.88,
"		152",울산,Oct-13,180.1,51.46,
"		152",울산,Nov-13,235.9,76.22,
"		152",울산,Dec-13,222.2,72.95,
"		152",울산,Jan-14,236.4,75.72,
"		152",울산,Feb-14,120.3,39.43,
"		152",울산,Mar-14,204.6,55.15,
"		152",울산,Apr-14,208.2,53,
"		152",울산,May-14,257.6,59.15,
"		152",울산,Jun-14,110.3,25.3,
"		152",울산,Jul-14,151.3,34.13,
"		152",울산,Aug-14,96.5,23.08,
"		152",울산,Sep-14,194.2,52.13,
"		152",울산,Oct-14,213.5,60.95,
"		152",울산,Nov-14,187.9,60.67,
"		152",울산,Dec-14,222,72.86,
"		152",울산,Jan-15,201.5,64.6,
"		152",울산,Feb-15,190.4,62.41,
"		152",울산,Mar-15,266.6,71.88,
"		152",울산,Apr-15,173.5,44.19,
"		152",울산,May-15,241.7,55.54,
"		152",울산,Jun-15,118.9,27.27,
"		152",울산,Jul-15,128.7,29.03,
"		152",울산,Aug-15,187.7,44.86,
"		152",울산,Sep-15,196.1,52.63,
"		152",울산,Oct-15,263.6,75.16,
"		152",울산,Nov-15,105.5,34.03,
"		152",울산,Dec-15,157.3,51.62,
"		152",울산,Jan-16,194.2,62.28,
"		152",울산,Feb-16,218.1,68.98,
"		152",울산,Mar-16,203.7,54.83,
"		152",울산,Apr-16,207.3,52.69,
"		152",울산,May-16,270.1,61.98,
"		152",울산,Jun-16,181.3,41.58,
"		152",울산,Jul-16,208.9,47.15,
"		152",울산,Aug-16,277.2,66.4,
"		152",울산,Sep-16,112.1,30.15,
"		152",울산,Oct-16,139.8,39.95,
"		152",울산,Nov-16,177,57.19,
"		152",울산,Dec-16,181.5,59.61,
"		152",울산,Jan-17,217.9,69.77,
"		152",울산,Feb-17,224.7,73.6,
"		152",울산,Mar-17,233.3,62.82,
"		152",울산,Apr-17,249.7,63.52,
"		152",울산,May-17,284.6,65.32,
"		152",울산,Jun-17,272.9,62.59,
"		152",울산,Jul-17,169.5,38.24,
"		152",울산,Aug-17,221,52.93,
"		152",울산,Sep-17,216.2,58.1,
"		152",울산,Oct-17,149.1,42.6,
"		152",울산,Nov-17,238.4,77.03,
"		152",울산,Dec-17,244.8,80.37,
"		152",울산,Jan-18,224.2,71.81,
"		152",울산,Feb-18,215.3,70.57,
"		152",울산,Mar-18,223.3,60.17,
"		152",울산,Apr-18,247.6,62.99,
"		152",울산,May-18,217.4,49.91,
"		152",울산,Jun-18,196.1,44.98,
"		152",울산,Jul-18,265,59.79,
"		152",울산,Aug-18,243.7,58.29,
"		152",울산,Sep-18,122.9,32.99,
"		152",울산,Oct-18,238.6,68.11,
"		152",울산,Nov-18,200.5,64.76,
"		152",울산,Dec-18,185.3,60.81,
"		152",울산,Jan-19,231,74.06,
"		152",울산,Feb-19,194.4,63.72,
"		152",울산,Mar-19,257.7,69.48,
"		152",울산,Apr-19,207,52.73,
"		152",울산,May-19,306.4,70.4,
"		152",울산,Jun-19,229.2,52.57,
"		152",울산,Jul-19,187.5,42.29,
"		152",울산,Aug-19,241.2,57.66,
"		152",울산,Sep-19,155.8,41.81,
"		152",울산,Oct-19,206.4,58.85,
"		152",울산,Nov-19,186.7,60.23,
"		152",울산,Dec-19,202.5,66.46,
"		152",울산,Jan-20,153.6,49.26,
"		152",울산,Feb-20,210.7,66.64,
"		152",울산,Mar-20,238,64.05,
"		152",울산,Apr-20,277.4,70.51,
"		152",울산,May-20,245.5,56.33,
"		152",울산,Jun-20,257.2,58.99,
"		152",울산,Jul-20,111.4,25.14,
"		152",울산,Aug-20,230.2,55.14,
"		152",울산,Sep-20,166.2,44.7,
"		152",울산,Oct-20,230.7,65.93,
"		152",울산,Nov-20,190.7,61.62,
"		152",울산,Dec-20,236,77.53,
"		152",울산,Jan-21,211.5,67.72,
"		152",울산,Feb-21,208.7,68.34,
"		152",울산,Mar-21,204.5,55.06,
"		152",울산,Apr-21,241.5,61.43,
"		152",울산,May-21,219,50.26,
"		152",울산,Jun-21,212.7,48.78,
"		152",울산,Jul-21,235.8,53.22,
"		152",울산,Aug-21,166.3,39.83,
"		152",울산,Sep-21,136.9,36.79,
"		152",울산,Oct-21,214.9,61.4,
"		152",울산,Nov-21,220.4,71.21,
"		152",울산,Dec-21,230.4,75.64,
"		152",울산,Jan-22,235.2,75.34,
"		152",울산,Feb-22,242.7,79.52,
"		152",울산,Mar-22,211.5,56.99,
"		152",울산,Apr-22,258.3,65.71,
"		152",울산,May-22,318.2,73.05,
"		152",울산,Jun-22,225.7,51.78,
"		152",울산,Jul-22,183.9,41.48,
"		152",울산,Aug-22,162,38.75,
"		152",울산,Sep-22,134.7,36.18,
"		152",울산,Oct-22,208.9,59.63,
"		152",울산,Nov-22,210.8,68.11,
"		152",울산,Dec-22,224,73.51,
"		152",울산,Jan-23,223.2,71.56,163.69
"		152",울산,Feb-23,171.5,56.21,343.1
"		152",울산,Mar-23,231.5,62.42,514.37
"		152",울산,Apr-23,225,57.3,555.11
"		152",울산,May-23,200,45.95,565.3
"		152",울산,Jun-23,204.7,46.95,602.14
"		152",울산,Jul-23,166.9,37.64,533.64
"		152",울산,Aug-23,196.2,46.9,530.64
"		152",울산,Sep-23,142.9,38.35,397.48
"		152",울산,Oct-23,229.8,65.53,459.24
"		152",울산,Nov-23,209.2,67.53,347.51
"		152",울산,Dec-23,191.4,62.84,277.38
"		",,,,,
"	",,,,,
